{"cameraMode":{"drawMode":0,"name":"Shaded","section":"Shading Mode"},"sceneLighting":false,"audioPlay":false,"sceneViewState":{"showFog":true,"showMaterialUpdate":false,"showSkybox":false,"showFlares":true,"showImageEffects":true,"showParticleSystems":true},"in2DMode":false,"pivot":{"x":2.7517471313476564,"y":17.459552764892579,"z":0.9438133239746094},"rotation":{"x":-0.08448711037635803,"y":-0.8006564378738403,"z":0.10942345857620239,"w":-0.5829559564590454},"size":119.16423797607422,"orthographic":false}