{"cameraMode":{"drawMode":0,"name":"Shaded","section":"Shading Mode"},"sceneLighting":false,"audioPlay":false,"sceneViewState":{"showFog":true,"showMaterialUpdate":false,"showSkybox":false,"showFlares":true,"showImageEffects":true,"showParticleSystems":true},"in2DMode":false,"pivot":{"x":4.76837158203125e-7,"y":0.13525700569152833,"z":0.000003814697265625},"rotation":{"x":-0.030561916530132295,"y":-0.9653822779655457,"z":0.23490987718105317,"w":-0.10918088257312775},"size":14.936227798461914,"orthographic":false}