{"cameraMode":{"drawMode":0,"name":"Shaded","section":"Shading Mode"},"sceneLighting":false,"audioPlay":false,"sceneViewState":{"showFog":true,"showMaterialUpdate":false,"showSkybox":false,"showFlares":true,"showImageEffects":true,"showParticleSystems":true},"in2DMode":false,"pivot":{"x":2.1804275512695314,"y":22.47115707397461,"z":-0.008707046508789063},"rotation":{"x":-0.00007938425551401451,"y":-0.5374473929405212,"z":-0.0045219967141747479,"w":-0.8432852029800415},"size":113.68133544921875,"orthographic":false}