{"cameraMode":{"drawMode":0,"name":"Shaded","section":"Shading Mode"},"sceneLighting":false,"audioPlay":false,"sceneViewState":{"showFog":true,"showMaterialUpdate":false,"showSkybox":false,"showFlares":true,"showImageEffects":true,"showParticleSystems":true},"in2DMode":false,"pivot":{"x":0.07414674758911133,"y":3.8794546127319338,"z":-0.06853675842285156},"rotation":{"x":-0.030561916530132295,"y":-0.9653822779655457,"z":0.23490987718105317,"w":-0.10918088257312775},"size":19.843372344970704,"orthographic":false}