{"cameraMode":{"drawMode":0,"name":"Shaded","section":"Shading Mode"},"sceneLighting":false,"audioPlay":false,"sceneViewState":{"showFog":true,"showMaterialUpdate":false,"showSkybox":false,"showFlares":true,"showImageEffects":true,"showParticleSystems":true},"in2DMode":false,"pivot":{"x":-0.42086029052734377,"y":2.1794815063476564,"z":0.34546566009521487},"rotation":{"x":-0.1656528264284134,"y":-0.3423115909099579,"z":0.057251691818237308,"w":-0.9230949282646179},"size":24.290721893310548,"orthographic":false}