{"cameraMode":{"drawMode":0,"name":"Shaded","section":"Shading Mode"},"sceneLighting":false,"audioPlay":false,"sceneViewState":{"showFog":true,"showMaterialUpdate":false,"showSkybox":false,"showFlares":true,"showImageEffects":true,"showParticleSystems":true},"in2DMode":false,"pivot":{"x":0.9045658111572266,"y":15.845064163208008,"z":0.7504215240478516},"rotation":{"x":0.0705808699131012,"y":0.45363929867744448,"z":0.03172072768211365,"w":-0.8878195881843567},"size":112.1410140991211,"orthographic":false}