{"cameraMode":{"drawMode":0,"name":"Shaded","section":"Shading Mode"},"sceneLighting":false,"audioPlay":false,"sceneViewState":{"showFog":true,"showMaterialUpdate":false,"showSkybox":false,"showFlares":true,"showImageEffects":true,"showParticleSystems":true},"in2DMode":false,"pivot":{"x":259.8399963378906,"y":0.0,"z":169.02000427246095},"rotation":{"x":-0.09179511666297913,"y":0.6702116131782532,"z":-0.08408626914024353,"w":-0.7316553592681885},"size":2.8578836917877199,"orthographic":false}