{"cameraMode":{"drawMode":0,"name":"Shaded","section":"Shading Mode"},"sceneLighting":false,"audioPlay":false,"sceneViewState":{"showFog":true,"showMaterialUpdate":false,"showSkybox":false,"showFlares":true,"showImageEffects":true,"showParticleSystems":true},"in2DMode":false,"pivot":{"x":0.1764688491821289,"y":5.912324905395508,"z":-0.829930305480957},"rotation":{"x":-0.08448711037635803,"y":-0.8006564378738403,"z":0.10942345857620239,"w":-0.5829559564590454},"size":36.3455696105957,"orthographic":false}