{"cameraMode":{"drawMode":0,"name":"Shaded","section":"Shading Mode"},"sceneLighting":false,"audioPlay":false,"sceneViewState":{"showFog":true,"showMaterialUpdate":false,"showSkybox":false,"showFlares":true,"showImageEffects":true,"showParticleSystems":true},"in2DMode":false,"pivot":{"x":8.344650268554688e-7,"y":0.11622795462608338,"z":4.76837158203125e-7},"rotation":{"x":-0.030561916530132295,"y":-0.9653822779655457,"z":0.23490987718105317,"w":-0.10918088257312775},"size":1.6250618696212769,"orthographic":false}