{"cameraMode":{"drawMode":0,"name":"Shaded","section":"Shading Mode"},"sceneLighting":false,"audioPlay":false,"sceneViewState":{"showFog":true,"showMaterialUpdate":false,"showSkybox":false,"showFlares":true,"showImageEffects":true,"showParticleSystems":true},"in2DMode":false,"pivot":{"x":-0.04377174377441406,"y":7.095714569091797,"z":-0.11372089385986328},"rotation":{"x":0.05777249485254288,"y":-0.24622268974781037,"z":0.018691962584853174,"w":0.9673093557357788},"size":34.19997787475586,"orthographic":false}